,mRNA_MLPH,mRNA_C2orf54,mRNA_CITED4,mRNA_ESR1,mRNA_SPDEF,mRNA_AGR3,mRNA_FOXC1,mRNA_GATA3,mRNA_AGR2,mRNA_XBP1,mRNA_PRR15,mRNA_SLC44A4,mRNA_CA12,mRNA_DTL,mRNA_C5AR2,mRNA_TBC1D9,mRNA_AR,mRNA_CCDC170,mRNA_DEGS2,mRNA_TFF3,mRNA_DNALI1,mRNA_LINC00504,mRNA_CLCA2,mRNA_PPP1R14C,mRNA_THSD4,mRNA_SPAG5,mRNA_FBP1,mRNA_SLC7A8,mRNA_EN1,mRNA_ZNF552,Methylation_cg22678977,Methylation_cg27169860,Methylation_cg09000583,Methylation_cg20415486,Methylation_cg17627629,Methylation_cg04557423,Methylation_cg03387103,Methylation_cg02003183,Methylation_cg02693150,Methylation_cg11197206,Methylation_cg15690342,Methylation_cg18948877,Methylation_cg20456954,Methylation_cg12633764,Methylation_cg25245963,Methylation_cg11386025,Methylation_cg22789237,Methylation_cg03103549,Methylation_cg06436185,Methylation_cg25787812,miRNA_hsa-mir-934,miRNA_hsa-mir-4728,miRNA_hsa-mir-5695,miRNA_hsa-mir-18a,miRNA_hsa-mir-190b,miRNA_hsa-mir-577,miRNA_hsa-mir-135b,miRNA_hsa-mir-2115,miRNA_hsa-mir-17,miRNA_hsa-mir-130b,CNV_VPS54,CNV_LINC01867,CNV_LINC02576,CNV_WDPCP,CNV_CEP68
mRNA_MLPH,1.0,-0.05490595868138725,0.1027066501201196,0.5884972742094148,0.7215524360204891,0.62059691256421,-0.4029413845180188,0.6308756792276576,0.6206229042027526,0.6028437084071891,0.6763599525068104,0.630107944696127,0.5277140528285509,-0.15553391760314203,0.6522357224612068,0.610038761176234,0.43281437830503533,0.6104176734481743,0.6656674000231764,0.6592946795776239,0.5912158238158689,0.5984643660789358,0.030713423712513066,-0.47490999853133925,0.6072421756236565,-0.24233891423472395,0.6689685347993028,0.5438842077478612,-0.4508946160147442,0.6443398760389526,-0.5407843403939206,0.18094761986946084,-0.12112731858959053,-0.49844471580337635,0.5703372116015708,-0.561025711787781,-0.609307829894961,-0.10534191546279541,-0.47467727391145065,-0.6084104688354257,0.5535330417829104,-0.5528934075371496,-0.4836268115042798,-0.6235102423254687,-0.5067944055105253,-0.2570297199773887,-0.6078733703179983,-0.6047784979386451,0.22331714493288185,-0.614503678772768,-0.413158857254506,-0.02362973239016995,-0.004808716351997636,-0.5572365689197482,0.5484420697025939,-0.5099828234555869,-0.4658015654615974,0.1529653976102552,-0.42468826198835957,-0.5286223057076724,-0.3124149517062163,-0.2880051001532799,-0.3083173112209241,-0.3117092554755734,-0.3083173112209241
mRNA_C2orf54,-0.05490595868138725,1.0,0.026483977202338495,-0.23654604733124765,0.17353821408452336,-0.15392345084767978,0.04819303959875663,-0.20373532499432087,-0.06717426234062245,-0.08791101736683908,-0.11808388176032797,0.059086262748852585,-0.09448867405467253,0.053979283884270444,-0.11701067091332172,-0.21577824705167448,0.07200490438731197,-0.18561032722710025,-0.03229993280886823,0.04066598694347302,-0.10726050050466003,-0.10746929069310068,0.37639606423020133,0.22302800171975126,-0.19644317994969054,0.10466640257440826,-0.06302091040931132,-0.0725549077150999,0.1623391547991407,-0.07626316783809343,0.14900465926023773,0.0021853777116957944,0.20528009517642082,0.14502209090982143,-0.08881412205260868,0.1807999763440857,0.26418516811420323,-0.10715943866594022,0.007335802587260114,0.14801266802505353,-0.09321085836400478,0.19292597480567272,0.07949263731071815,0.2226593667551387,0.12817135176171063,0.007490890104307062,0.1487018553058514,0.21793320388382428,-0.06820763568447073,0.14918463501112078,0.18331519234515156,0.18506265311870618,-0.11965455919039054,0.06750326983324494,-0.08396064270067743,0.028646357960231964,0.07245898348433949,0.2965922084403288,-0.002323329636387299,-0.008587325203018093,0.09116043514019785,0.1173509049190958,0.0983508116831604,0.0904349417752461,0.0983508116831604
mRNA_CITED4,0.1027066501201196,0.026483977202338495,1.0,-0.05681663921772038,0.03680493259290466,0.041675254314863894,0.19279813271888907,0.06857335252860443,-0.0776868224124024,-0.1031036465378383,-0.11857821655854542,-0.024120264003138093,0.08817921746820313,-0.12407657358479492,0.09220740511753014,-0.055254842476105334,-0.1426019990079252,0.012705498437721958,0.23691672842238817,-0.039695601042912546,0.14187574927870747,0.016856583387745493,0.01945999582153037,0.1211609542538699,-0.07526741758942176,-0.19663777501628138,-0.05690675688423267,0.055819101167851076,0.17480501973106075,0.06086253394609878,0.11972438978971,0.029655528341615885,-0.07918805508714662,0.07844352637505277,-0.08061002722764116,0.12917980730879597,0.07653946981223804,0.019431474420587718,0.05545398240044985,0.1140386171544667,-0.02029768626359962,-0.05534381546094137,0.17421619786662207,-0.023892888597445996,0.08404320507331244,0.08436985559892685,0.10688050638497369,0.06667737811217052,0.24936871239146186,0.07867274020889158,0.14441365526204025,-0.14521254871964034,0.014482887767757387,-0.04198795080213244,-0.008017159471441314,0.04248107309738426,0.07473597806443955,0.07928862665381006,0.012767831447912536,-0.21729931054955456,-0.026181023797040626,-0.03155642201461092,-0.02795643549189946,-0.02679705128554876,-0.02795643549189946
mRNA_ESR1,0.5884972742094148,-0.23654604733124765,-0.05681663921772038,1.0,0.41015371843512094,0.6950051960350051,-0.5004501417449819,0.7107494159825416,0.5711623536535316,0.6965582769321789,0.5290541281982081,0.4905750292791362,0.7030658963236484,0.037726713528200125,0.6666005237213557,0.7432641336838348,0.5512948643569979,0.8221919195688373,0.5374145236050317,0.4354740462028736,0.5505656106301801,0.6525169318592214,-0.1241166133173299,-0.5447211024575491,0.7668633900442178,-0.10564872667169056,0.5896092804269094,0.606913121140916,-0.5012390875953716,0.6786524377184336,-0.6871427151478207,0.1020932048036185,-0.11617306692012,-0.6028615376914799,0.5841266020708922,-0.6480265488449286,-0.7513995251062598,-0.008192816286517015,-0.5733603159085553,-0.6923555261268303,0.538639449743887,-0.6696869092694605,-0.6058082951993906,-0.7116521188898995,-0.5989640006458086,-0.2081930209417258,-0.6765388697215411,-0.7109341606676242,0.12305992281966455,-0.6688248599052713,-0.4743179075634583,-0.03174846132012254,0.15503628245396175,-0.4761441900826662,0.5863369887318828,-0.36118787792077767,-0.42336914924144853,0.004425557063092064,-0.4119147938503746,-0.31350859138230563,-0.29404856602834584,-0.2849795908416546,-0.2895349517404593,-0.2921590899407244,-0.2895349517404593
mRNA_SPDEF,0.7215524360204891,0.17353821408452336,0.03680493259290466,0.41015371843512094,1.0,0.44781308708079504,-0.4773099501223159,0.4795252436216473,0.5281434818937635,0.5063251207105851,0.6556224483246031,0.5817760502796917,0.3412084657673666,-0.09631967323986244,0.4727555309132953,0.42149737509749524,0.411130308906835,0.38628443791112554,0.563035083947356,0.6340451521945789,0.4623554347257328,0.4391069418487373,0.11728247217220522,-0.4330598966165087,0.4198973255205917,-0.10820089857513146,0.6044429674582088,0.4619221206802857,-0.3785630635373186,0.47386333586498763,-0.5264653091817293,0.12437724330509074,0.06020507041604722,-0.44301676623923036,0.5120628202691421,-0.5264188281682087,-0.48792346089440464,-0.11422107247619674,-0.4771167640001637,-0.5640849949731997,0.458686625891371,-0.38806129270878875,-0.5333586516107727,-0.5093197814122808,-0.5130473505726904,-0.20097649671942036,-0.5468050885124239,-0.525020998404886,0.17940774551631222,-0.5571307416040504,-0.3733648246228988,0.06647267634853123,-0.0657276342840657,-0.4015671664751999,0.46921773088812063,-0.44735241514440244,-0.4428232691988587,0.283118960135371,-0.365595562006704,-0.4161453638891885,-0.15570871630271807,-0.1404378909566279,-0.15271082361403862,-0.15542435222893214,-0.15271082361403862
mRNA_AGR3,0.62059691256421,-0.15392345084767978,0.041675254314863894,0.6950051960350051,0.44781308708079504,1.0,-0.4173501823436998,0.6230766938070561,0.6709057613494688,0.6247664012996549,0.5711875240845572,0.5911743225998088,0.599285837779034,0.00233595014984001,0.6265311429615099,0.6410185170003182,0.44763431236538875,0.6600896792857989,0.5629355907260564,0.553313259301889,0.5202254257975408,0.598127611469891,-0.0818558371362976,-0.4539070535610445,0.6112468788432728,-0.15270236784091204,0.5686200011921853,0.5271449449126004,-0.40214777480573244,0.625827365902629,-0.5902363073056881,0.14516612235426946,-0.09163738570228289,-0.5406875450573874,0.5634723985870702,-0.5687910791979024,-0.6729948069484786,-0.02630966053859571,-0.5203124216690612,-0.618258898517099,0.5105893842820884,-0.6488487524657639,-0.5024152757814284,-0.6335135794946485,-0.5612454360880743,-0.22888325892021533,-0.5911347616781705,-0.6344199078953746,0.136237702760275,-0.5940221366165113,-0.4716722122773381,-0.05280642413597854,0.09365046290138464,-0.4809413682550193,0.5681331277769313,-0.4109947373715663,-0.43596496912461546,0.020992382633978783,-0.4679509316576637,-0.33999547520884016,-0.27158044153351973,-0.27365580521355076,-0.2714750173723405,-0.27152414248355927,-0.2714750173723405
mRNA_FOXC1,-0.4029413845180188,0.04819303959875663,0.19279813271888907,-0.5004501417449819,-0.4773099501223159,-0.4173501823436998,1.0,-0.4666511596982825,-0.3678632033211658,-0.4251089262201392,-0.43210164801299444,-0.3606634675761407,-0.35117866964727923,-0.01392068235100869,-0.37842584376353733,-0.360754851332339,-0.3898735627935708,-0.4011139036527297,-0.38831832190215443,-0.3890723549670489,-0.41493157851546575,-0.3607938964735236,0.11807160633693634,0.6633906741718596,-0.3229497664142525,-0.026254316002935832,-0.42004908620623094,-0.3652859004290468,0.46165470543627396,-0.35544675413751936,0.6797973798912155,-0.0509869155163071,-0.06715745241686061,0.5808706221854111,-0.5535272634001668,0.5889773794331693,0.5668667422867685,0.13207299368146977,0.6356235752018898,0.6708718630377242,-0.45226068956892074,0.5257580309892916,0.6927318148905038,0.6104910303825497,0.5974522038804035,0.11619891199911649,0.6516784125318229,0.622713091800117,0.009534799707020456,0.6041378734774467,0.5458898704677164,-0.17276182121336386,-0.05749144069567006,0.25291335177583424,-0.4903442178069357,0.4126793139512821,0.4686708314338799,-0.10635315401517513,0.2475560633664228,0.09809124412237383,0.0541691235345454,0.03380720455231837,0.04743106370185794,0.05200608810727562,0.04743106370185794
mRNA_GATA3,0.6308756792276576,-0.20373532499432087,0.06857335252860443,0.7107494159825416,0.4795252436216473,0.6230766938070561,-0.4666511596982825,1.0,0.4895808558996486,0.6534602487001315,0.6343744508021105,0.5169365973480397,0.6727123029397974,0.03319346190432609,0.6438484663099497,0.7312300952213858,0.4848343161278339,0.6789827189573795,0.6119584670287578,0.4493279552140862,0.7090509858735702,0.692394157804526,-0.07934593945725894,-0.5052723000131749,0.6922807349203363,-0.06489621986213524,0.6248028654365466,0.6245891915236461,-0.496717195952312,0.6487512364079674,-0.7006889127919236,0.13155724177572664,-0.1629528076708796,-0.6171474771970304,0.6253417330074736,-0.6735342190706708,-0.7454301836012175,0.0013579913722567075,-0.5440721089793843,-0.7133656726719269,0.5760004027892007,-0.6512771673068992,-0.6038936936902249,-0.7198380497426973,-0.6160549999426792,-0.21660892874947985,-0.6718707190964868,-0.7331602366514898,0.17043843614907508,-0.6923449811804794,-0.48324631587386924,-0.01772745083641017,0.1286378783608107,-0.458464718809097,0.5708418428381364,-0.403530927859483,-0.4247899866453554,-0.015936864738028203,-0.3597678488436053,-0.32332250238999993,-0.29115054933499096,-0.2862892399831747,-0.2885056916551722,-0.2890247996977637,-0.2885056916551722
mRNA_AGR2,0.6206229042027526,-0.06717426234062245,-0.0776868224124024,0.5711623536535316,0.5281434818937635,0.6709057613494688,-0.3678632033211658,0.4895808558996486,1.0,0.5080987529369541,0.6004152488873564,0.5134532616325543,0.48444581389997715,-0.0010411226718757315,0.5693314229058488,0.4935325051700155,0.46148176911005534,0.562291110225987,0.46509582403557687,0.6326148550840356,0.4774906933477397,0.46320944740532166,0.05363203701444823,-0.43469382573240434,0.556225082577511,-0.10010062792728497,0.5135395290061556,0.4838952220136994,-0.4327972849606802,0.5838980819835239,-0.5183038675793387,0.17289853050796064,-0.019890665209382832,-0.44180760082854836,0.5181960940651533,-0.52366951090579,-0.5436874612488397,-0.03845962198691383,-0.4443909392479105,-0.5466932565813863,0.5178756525704494,-0.4672867580743547,-0.4522895896872922,-0.5132989377302013,-0.4941961777309776,-0.26869537906402535,-0.531665251163712,-0.5443155099285439,0.11149235948395045,-0.5522227975114828,-0.39091593240462363,-0.010880372683849112,0.0027094761250102068,-0.44695995587494736,0.4791821469719754,-0.4171971441145532,-0.38289121485624594,0.04917300234409001,-0.44406754933070725,-0.3336194690650731,-0.23704340208836366,-0.21939787540811276,-0.23346897983841575,-0.23658790806985047,-0.23346897983841575
mRNA_XBP1,0.6028437084071891,-0.08791101736683908,-0.1031036465378383,0.6965582769321789,0.5063251207105851,0.6247664012996549,-0.4251089262201392,0.6534602487001315,0.5080987529369541,1.0,0.597078467113755,0.576626196792876,0.6646651560684146,-0.021521975347337612,0.5964093017839751,0.701932938962746,0.5631519802286417,0.6891714439277546,0.524331973957347,0.5055068164450278,0.5717861357924425,0.67921014704868,0.02752528171856329,-0.43575607303957525,0.7179705834147764,-0.1457103140156735,0.6092184406622427,0.5996894860172884,-0.5056817013584572,0.6442252691220332,-0.5961339659815521,0.11616703132582704,-0.19605630800164925,-0.507384402196325,0.5407406690536054,-0.5929773154790048,-0.6249722783246321,-0.11759691217608478,-0.5320789668713687,-0.6082799404370093,0.4664233212172247,-0.5410481374893118,-0.5404774616427143,-0.6141044276790204,-0.5122453449655191,-0.3000807468860626,-0.6231956283011167,-0.6019095094100725,0.09367740105783502,-0.6017678463808053,-0.43903106882879905,0.0332232771895236,0.017715667978836936,-0.5325976058876623,0.510981250366858,-0.39778477177917243,-0.3948864371195214,0.03928914957142355,-0.4609724511368779,-0.2895083975495418,-0.26445084619105896,-0.25507722147651424,-0.2605310620728475,-0.2622665096753611,-0.2605310620728475
mRNA_PRR15,0.6763599525068104,-0.11808388176032797,-0.11857821655854542,0.5290541281982081,0.6556224483246031,0.5711875240845572,-0.43210164801299444,0.6343744508021105,0.6004152488873564,0.597078467113755,1.0,0.6018021868310929,0.41589967357667634,-0.09712119322450428,0.5393721894433275,0.5415190179061341,0.44406571475342327,0.5275379672054074,0.5009881334578481,0.575592294075732,0.5223623191188324,0.537158801915383,-0.01104561530498052,-0.45729768253285796,0.5328409005176217,-0.1596911614096582,0.6515558799514052,0.5312090781720634,-0.42323057291518856,0.48627872676224654,-0.5752506709785785,0.12850763635357074,-0.04721681837080891,-0.5034243932809891,0.5341186161818341,-0.6142294407929966,-0.5793186962193645,-0.050724990209936524,-0.4695266226161939,-0.6093978781868263,0.5238602218105184,-0.4792678289937844,-0.5283058185678503,-0.5658332707660735,-0.5363001019581844,-0.22469332980632628,-0.6029958123208368,-0.5997586872277164,0.15276462044237402,-0.599940379428329,-0.43771330606114406,0.0015606228966503742,-0.08999142856367486,-0.45833752038270836,0.4747181770930521,-0.48900426510932066,-0.46629394550657943,0.056259959678803186,-0.41378176966434344,-0.39275448758142656,-0.18570865525931987,-0.18742144673925162,-0.18181793729683268,-0.18778443882307438,-0.18181793729683268
mRNA_SLC44A4,0.630107944696127,0.059086262748852585,-0.024120264003138093,0.4905750292791362,0.5817760502796917,0.5911743225998088,-0.3606634675761407,0.5169365973480397,0.5134532616325543,0.576626196792876,0.6018021868310929,1.0,0.468984182250944,-0.0830270746180349,0.5241409335213884,0.5294879278661845,0.5261442305341741,0.5249472577073304,0.5409747784913028,0.5246766792378442,0.43378071135410273,0.5602789970974957,0.11327463075915722,-0.39433533083765016,0.49550911886392085,-0.2898930503078934,0.5386046583583937,0.5127062701204904,-0.3654405712086589,0.5328136790709056,-0.4433128572328212,0.11764089570231172,-0.06369551703285467,-0.39632076068745486,0.4448317457552385,-0.46747098244958446,-0.45068432972930306,-0.2645812890576011,-0.4743417434310144,-0.4958101095198475,0.4493776582521984,-0.48676098462118433,-0.387078982393946,-0.45090591235196686,-0.4094373211424041,-0.3077925367136269,-0.5242347408425942,-0.4867577587000967,0.11733401695110532,-0.5310962403086437,-0.3596043549084906,-0.03326452423031577,-0.01120746141455616,-0.5159335540672939,0.5095334304124218,-0.37789186271498176,-0.44876445618260036,0.12660963358803193,-0.5156888596336002,-0.42068586516367884,-0.2839124285545219,-0.27286925283733793,-0.2821675606716756,-0.28321574702449753,-0.2821675606716756
mRNA_CA12,0.5277140528285509,-0.09448867405467253,0.08817921746820313,0.7030658963236484,0.3412084657673666,0.599285837779034,-0.35117866964727923,0.6727123029397974,0.48444581389997715,0.6646651560684146,0.41589967357667634,0.468984182250944,1.0,0.024078361716322525,0.6017666722302244,0.7207936161311039,0.5188836706916942,0.6667619758700927,0.6011101799395384,0.38160706041745274,0.5750275621136797,0.6614567055131484,0.026409125903827012,-0.41652078912000184,0.7543525741029642,-0.1033335559103298,0.5072472138317923,0.6389716311632372,-0.46054837590088094,0.7203097626552841,-0.5551591835096603,0.1233711374863113,-0.21701546418116732,-0.498624292077254,0.5060712441897216,-0.5222372019428856,-0.5996540702599716,-0.04039971867886877,-0.502725096838769,-0.5316897751014427,0.46941933472453784,-0.5602946070698905,-0.47319227490411514,-0.6098531146207398,-0.5083323026862332,-0.3025580461574155,-0.5145026572310903,-0.5443376404409515,0.15855861752700856,-0.517364361421723,-0.41455812554175503,0.02363536960137998,0.08053647489791423,-0.5249639659380185,0.4902831175036138,-0.35956167727913263,-0.37792691321203964,0.0715822062390984,-0.4449422595679822,-0.37269692431491364,-0.3179095217159538,-0.3014204887572283,-0.3159950997461874,-0.3154451785566236,-0.3159950997461874
mRNA_DTL,-0.15553391760314203,0.053979283884270444,-0.12407657358479492,0.037726713528200125,-0.09631967323986244,0.00233595014984001,-0.01392068235100869,0.03319346190432609,-0.0010411226718757315,-0.021521975347337612,-0.09712119322450428,-0.0830270746180349,0.024078361716322525,1.0,-0.07121572939017318,0.01423187931184027,-0.014253593699970311,-0.06289611352037218,-0.14227451598370636,-0.11004855262762071,-0.10027454843131696,-0.047241934860758006,-0.10347556143929892,0.041501372889649196,-0.00011278583439057407,0.7407404703080842,-0.04597202907886893,-0.09849162000224393,-0.025865956263324982,0.009431674046134592,-0.11969278963798072,-0.1294949416430008,0.15203538883995374,-0.0601854373909333,0.11697077129917434,-0.008081227166744098,-0.029379313184403656,0.22505203141887578,-0.01230492911550048,-0.08963747254910255,-0.016311661855621613,0.05448499201783983,-0.12976498245662596,-0.005277658930335558,-0.07096487004888537,0.2629171993989172,-0.10961733621092432,-0.09331065198622823,-0.2305794564222374,-0.029824524981819072,-0.0066229278129434875,0.12325254094461646,0.19126173931642237,0.22984830226175676,0.05695480599373379,0.19490302172787674,0.1405852655794676,-0.10600745216253125,0.2032008213403213,0.36899596033164617,0.11098404808748404,0.11837786713371427,0.10620537569365893,0.11435068662489066,0.10620537569365893
mRNA_C5AR2,0.6522357224612068,-0.11701067091332172,0.09220740511753014,0.6666005237213557,0.4727555309132953,0.6265311429615099,-0.37842584376353733,0.6438484663099497,0.5693314229058488,0.5964093017839751,0.5393721894433275,0.5241409335213884,0.6017666722302244,-0.07121572939017318,1.0,0.6240191281165985,0.4700534444946447,0.7059531773155306,0.6125013116144434,0.5732564893479564,0.5825365748995882,0.6065994163822733,-0.06598888232192102,-0.49944639461888624,0.6601549713452782,-0.20259811702114033,0.5930222407055554,0.5650887122670099,-0.38678670307887647,0.6810852390599628,-0.5315024161325332,0.13918619948171762,-0.17666774333229204,-0.48750915972984504,0.5025751478974265,-0.5514988258210808,-0.6079145841300758,-0.12869562541942936,-0.4686418050880945,-0.5606699287724423,0.44457613872348795,-0.5948192868908859,-0.4214637667358641,-0.6119706596230818,-0.46271205911143165,-0.32803085846764535,-0.5354339641330124,-0.5827556253495344,0.18820747019094963,-0.5592789670871149,-0.46771993337126583,-0.07422731145906353,0.09450835585698833,-0.4946621450464288,0.6016726219080555,-0.3929934672705879,-0.40791042794806004,-0.05124065938688503,-0.40893973503272546,-0.433600323688231,-0.30705111782676325,-0.3054119283380483,-0.3007870778089285,-0.3046286517154452,-0.3007870778089285
mRNA_TBC1D9,0.610038761176234,-0.21577824705167448,-0.055254842476105334,0.7432641336838348,0.42149737509749524,0.6410185170003182,-0.360754851332339,0.7312300952213858,0.4935325051700155,0.701932938962746,0.5415190179061341,0.5294879278661845,0.7207936161311039,0.01423187931184027,0.6240191281165985,1.0,0.5475091592095352,0.6900739213753357,0.5061178683415047,0.4191397333833432,0.5879485554386072,0.7589462666876944,-0.021760728470179912,-0.45169817697986814,0.8045883004858828,-0.12633229242454858,0.6294455555661352,0.5904548533124252,-0.50163899775867,0.7024552953676761,-0.5735936922212168,0.10080054700521703,-0.19904430873722861,-0.5300741436337202,0.5741690161691664,-0.566726850907345,-0.678784353609791,-0.029602283300008355,-0.47920192307909104,-0.5820807784168397,0.48716575099937215,-0.5439850091100185,-0.48912111011367715,-0.6041351521492673,-0.5449821655993291,-0.31643297556654415,-0.5745130797311891,-0.6107126318103118,0.14588445919626938,-0.5900925095309059,-0.4460427804958308,-0.06248229400350046,0.07878547772521112,-0.5788607523410585,0.5028289941033005,-0.35961822952734845,-0.4576064826739631,0.03124225319973417,-0.47826033568206405,-0.40229565216426094,-0.3231531336595334,-0.3106356744212458,-0.3211336755264724,-0.3197258179624029,-0.3211336755264724
mRNA_AR,0.43281437830503533,0.07200490438731197,-0.1426019990079252,0.5512948643569979,0.411130308906835,0.44763431236538875,-0.3898735627935708,0.4848343161278339,0.46148176911005534,0.5631519802286417,0.44406571475342327,0.5261442305341741,0.5188836706916942,-0.014253593699970311,0.4700534444946447,0.5475091592095352,1.0,0.5475483086027165,0.4454738158397931,0.3441402269765054,0.39434665649449335,0.5769251374836507,0.26488615921894787,-0.3568501809746179,0.5588012109240895,-0.1733512913080615,0.41693290849802234,0.5779458636844887,-0.31087926835552204,0.5336353743617717,-0.42217457937565783,0.1267034803812529,-0.10367343875672445,-0.3775110945020496,0.41878387612823664,-0.4341572980468669,-0.37624505921347307,-0.2973417690245511,-0.49347126897963534,-0.4780183090274775,0.4155907345336529,-0.430468977561039,-0.43780678607367424,-0.4348162184502205,-0.3517800897206709,-0.28117536019598893,-0.4670627340456716,-0.4389754540442779,0.27888192106308046,-0.4394850975495565,-0.3828572623866517,0.02154672232648444,0.02534621437793233,-0.5471685597954595,0.3745536306138991,-0.3363379940980078,-0.42623200631435865,0.15921977157838216,-0.5224007051724809,-0.3478038817907688,-0.23653306718773692,-0.22511492687888168,-0.22845506888835915,-0.2359350367308441,-0.22845506888835915
mRNA_CCDC170,0.6104176734481743,-0.18561032722710025,0.012705498437721958,0.8221919195688373,0.38628443791112554,0.6600896792857989,-0.4011139036527297,0.6789827189573795,0.562291110225987,0.6891714439277546,0.5275379672054074,0.5249472577073304,0.6667619758700927,-0.06289611352037218,0.7059531773155306,0.6900739213753357,0.5475483086027165,1.0,0.5307252859319487,0.45469665501461637,0.5864847554718408,0.66791944569237,-0.013521068817951919,-0.44578518859000354,0.7443538379733743,-0.2048319460268007,0.561085916503397,0.6164941468046111,-0.4421379262033758,0.6543810120340646,-0.5837680616136365,0.15913843486337587,-0.20361252694890708,-0.5511916695686226,0.508296128215657,-0.5851488078820977,-0.6439121869238137,-0.11866320153020354,-0.5156890548858479,-0.6119782388033372,0.5019233904264426,-0.6103802631694305,-0.5016749598132177,-0.6270201019371995,-0.47255479537032796,-0.3011463961071596,-0.5879753218075277,-0.6022297133159459,0.1804083029277983,-0.5929366150466968,-0.4512823734112427,-0.018278319274360938,0.10582906452249892,-0.5338241543830259,0.5249659843349296,-0.3803455411093326,-0.41565567869356457,0.012952873335321946,-0.4383352647957891,-0.38523493824151794,-0.33351668516691435,-0.330077484260253,-0.32668100359467056,-0.32792711198358454,-0.32668100359467056
mRNA_DEGS2,0.6656674000231764,-0.03229993280886823,0.23691672842238817,0.5374145236050317,0.563035083947356,0.5629355907260564,-0.38831832190215443,0.6119584670287578,0.46509582403557687,0.524331973957347,0.5009881334578481,0.5409747784913028,0.6011101799395384,-0.14227451598370636,0.6125013116144434,0.5061178683415047,0.4454738158397931,0.5307252859319487,1.0,0.46920625863389176,0.5349548454726986,0.5586878249411142,0.05265400713077372,-0.4119161890041268,0.4826713617347769,-0.27119849275944163,0.5661701763055209,0.6108685739705576,-0.3463377096538762,0.5497718827171979,-0.49229339152455653,0.19509743066569804,-0.13848234165035053,-0.45838672326724483,0.5263127588969712,-0.47941034601984334,-0.5429036711944869,-0.10934070575401392,-0.4752475723187559,-0.5476119377500246,0.485561188998558,-0.5595211539820515,-0.42389252111900855,-0.5755647003096304,-0.4753529350648702,-0.2327883818901957,-0.4987928421076986,-0.5365326330841399,0.2888088087695729,-0.4950018297996909,-0.39021029426590254,-0.06876940688134418,0.05423284150320157,-0.5097333723068591,0.43680442565750693,-0.4469439453139558,-0.42662756509208044,0.11725816274695158,-0.4281143326452438,-0.468193506114998,-0.2762784042144294,-0.2673410868480582,-0.2736399065972214,-0.27537311265422026,-0.2736399065972214
mRNA_TFF3,0.6592946795776239,0.04066598694347302,-0.039695601042912546,0.4354740462028736,0.6340451521945789,0.553313259301889,-0.3890723549670489,0.4493279552140862,0.6326148550840356,0.5055068164450278,0.575592294075732,0.5246766792378442,0.38160706041745274,-0.11004855262762071,0.5732564893479564,0.4191397333833432,0.3441402269765054,0.45469665501461637,0.46920625863389176,1.0,0.4628401767419742,0.44236942740954743,0.038986522533632696,-0.4175338360769783,0.4526215938359029,-0.1733962113931922,0.5219717443824161,0.42878293081194413,-0.36820118245968136,0.4954648015107648,-0.42015114637139245,0.17906746442539612,-0.0744069631819466,-0.3652317645248247,0.4371354996393776,-0.49419864481655484,-0.4944776002747444,-0.16012799483741622,-0.34258768875248174,-0.48456346015975715,0.4044738114650815,-0.4378517928763354,-0.3856587826513188,-0.45559031793889376,-0.4014432840445829,-0.35966304421451817,-0.4662065468317331,-0.4521736338859287,0.14264173333736516,-0.48754114144241045,-0.41913104343807334,0.005331015288597487,-0.036287786862614614,-0.40189565894261825,0.5252172896935052,-0.38953603345566723,-0.3618301979721977,0.08158847905273842,-0.3816791233326963,-0.3595012798798667,-0.2676070383156169,-0.23985843686114464,-0.2633598042895203,-0.26760068527889497,-0.2633598042895203
mRNA_DNALI1,0.5912158238158689,-0.10726050050466003,0.14187574927870747,0.5505656106301801,0.4623554347257328,0.5202254257975408,-0.41493157851546575,0.7090509858735702,0.4774906933477397,0.5717861357924425,0.5223623191188324,0.43378071135410273,0.5750275621136797,-0.10027454843131696,0.5825365748995882,0.5879485554386072,0.39434665649449335,0.5864847554718408,0.5349548454726986,0.4628401767419742,1.0,0.5883567222020878,-0.0042697144088789845,-0.3895816063381241,0.5828677918656491,-0.14140258195097122,0.4982846684926421,0.5413719436543973,-0.43935997064897375,0.5426985950298512,-0.5725935873094068,0.1173662067873345,-0.18661098449370842,-0.5364893906826484,0.5182364007350868,-0.5578936199102879,-0.661521894872747,-0.05537978621543454,-0.43188976659957967,-0.5763727712072182,0.4894975716358703,-0.5207520294989324,-0.48069607953983656,-0.6042491000070398,-0.5125540621448723,-0.3281182676782947,-0.5303142492871451,-0.567562156345098,0.22074587770210566,-0.5668513437114684,-0.38588813508039715,-0.014669688713967005,0.046468341755360965,-0.4353018229265415,0.5858069389222705,-0.37041490007192934,-0.35844233496883005,-0.033018044960957955,-0.3126974283217244,-0.3430297930635794,-0.2568146823903447,-0.2473000544199505,-0.2545661256057789,-0.25603669045258576,-0.2545661256057789
mRNA_LINC00504,0.5984643660789358,-0.10746929069310068,0.016856583387745493,0.6525169318592214,0.4391069418487373,0.598127611469891,-0.3607938964735236,0.692394157804526,0.46320944740532166,0.67921014704868,0.537158801915383,0.5602789970974957,0.6614567055131484,-0.047241934860758006,0.6065994163822733,0.7589462666876944,0.5769251374836507,0.66791944569237,0.5586878249411142,0.44236942740954743,0.5883567222020878,1.0,0.06156017242284339,-0.43529076899368135,0.6801411406491911,-0.2022041142238739,0.5688853388338192,0.6968145198023233,-0.42049210355152117,0.6048243392638988,-0.5467192185431169,0.13537878711343332,-0.233181210621485,-0.5020767345212913,0.5491105627719415,-0.5553025799262116,-0.6227344461056312,-0.1824246865534022,-0.4902472464875731,-0.5721139310413376,0.4703997311038526,-0.5680338343642922,-0.45731698999517884,-0.5994386810248502,-0.48395767122997313,-0.32502013707650684,-0.539270618330631,-0.5693678568769737,0.2710569778780285,-0.5871610674313382,-0.42098202359670034,-0.040264980335150614,0.05249969763529424,-0.5638117246379372,0.49647562451858407,-0.36200057178993217,-0.391361105092877,0.050297527024982094,-0.5055990936895569,-0.3386082551759241,-0.3423245273268668,-0.33236210979375497,-0.340368074905092,-0.3403363021388925,-0.340368074905092
mRNA_CLCA2,0.030713423712513066,0.37639606423020133,0.01945999582153037,-0.1241166133173299,0.11728247217220522,-0.0818558371362976,0.11807160633693634,-0.07934593945725894,0.05363203701444823,0.02752528171856329,-0.01104561530498052,0.11327463075915722,0.026409125903827012,-0.10347556143929892,-0.06598888232192102,-0.021760728470179912,0.26488615921894787,-0.013521068817951919,0.05265400713077372,0.038986522533632696,-0.0042697144088789845,0.06156017242284339,1.0,0.2671163925301047,-0.030529875535815192,-0.14773052201739398,-0.04852479383090348,0.1520331522657065,0.058173251703322756,-0.007176454365782748,0.16726405269658665,0.11372329573890103,0.05972896552557119,0.12723071492322732,-0.05304129218955921,0.15610102033208062,0.24482585987964614,-0.23284970137012756,0.0027569421514204713,0.1262458684966251,0.0019261947756135705,0.15862859163974555,0.09832292971147379,0.13269735490256052,0.16149084492638596,-0.20708094070585759,0.10599380181963376,0.1693755825827009,0.15337451642873506,0.14648877768359733,0.09254088540344044,0.05419596629254977,-0.15884471136678838,-0.18751540719789164,-0.05490604302526825,-0.04919184800911938,-0.0028460918830743778,0.34885481799696877,-0.23829956996149013,-0.16588728997838945,-0.05039683568052709,-0.02778260133510299,-0.04490776282665345,-0.04886282599878174,-0.04490776282665345
mRNA_PPP1R14C,-0.47490999853133925,0.22302800171975126,0.1211609542538699,-0.5447211024575491,-0.4330598966165087,-0.4539070535610445,0.6633906741718596,-0.5052723000131749,-0.43469382573240434,-0.43575607303957525,-0.45729768253285796,-0.39433533083765016,-0.41652078912000184,0.041501372889649196,-0.49944639461888624,-0.45169817697986814,-0.3568501809746179,-0.44578518859000354,-0.4119161890041268,-0.4175338360769783,-0.3895816063381241,-0.43529076899368135,0.2671163925301047,1.0,-0.4331882298896285,0.08288425531349569,-0.4691557181327375,-0.3997375522278391,0.44061546659487794,-0.4548185967353544,0.6327610375589511,-0.09488530531818452,0.04335351996918106,0.5420354362940568,-0.5209757551552137,0.5797971339528081,0.587608719616592,0.04009060468124885,0.5265300284359762,0.5973409251401046,-0.4585161788969672,0.5432755602055078,0.5718958642093895,0.5784162835625029,0.5755245573429016,0.14891348544003008,0.5867021316818289,0.6116291894397637,-0.048911209951488455,0.6059656337405563,0.5843214529743407,-0.04587557517839177,-0.07776596264984781,0.326427652821399,-0.5297848122726398,0.43458926507789014,0.5498156412482623,-0.006621775018606339,0.30957705952352005,0.18623801873767715,0.1541739589011939,0.13508083050927097,0.14926798207878192,0.15306992225328492,0.14926798207878192
mRNA_THSD4,0.6072421756236565,-0.19644317994969054,-0.07526741758942176,0.7668633900442178,0.4198973255205917,0.6112468788432728,-0.3229497664142525,0.6922807349203363,0.556225082577511,0.7179705834147764,0.5328409005176217,0.49550911886392085,0.7543525741029642,-0.00011278583439057407,0.6601549713452782,0.8045883004858828,0.5588012109240895,0.7443538379733743,0.4826713617347769,0.4526215938359029,0.5828677918656491,0.6801411406491911,-0.030529875535815192,-0.4331882298896285,1.0,-0.11875698179968212,0.5675519160844256,0.600314700748119,-0.48436107642643583,0.7140860540480541,-0.5641454994497724,0.11800469839805267,-0.2315368652544879,-0.5271679274063681,0.5219240018072097,-0.5927630795059485,-0.6734532878813764,-0.023648881030282905,-0.4467580272971898,-0.5906169053877219,0.4673109605873952,-0.5491280734053153,-0.48976852281428673,-0.620492039692705,-0.5105793390156952,-0.316662194892465,-0.5700687762919078,-0.6033664741809239,0.13688355205136502,-0.601298797477191,-0.4150868542478005,-0.0008614699594254225,0.06911808667896836,-0.5627141758174018,0.5123975294501697,-0.3711911446972202,-0.41041692643076005,-0.010443772365063107,-0.4387672992189282,-0.39025931376332323,-0.38138626359856975,-0.3601202391911706,-0.37920945400926065,-0.3781980330400876,-0.37920945400926065
mRNA_SPAG5,-0.24233891423472395,0.10466640257440826,-0.19663777501628138,-0.10564872667169056,-0.10820089857513146,-0.15270236784091204,-0.026254316002935832,-0.06489621986213524,-0.10010062792728497,-0.1457103140156735,-0.1596911614096582,-0.2898930503078934,-0.1033335559103298,0.7407404703080842,-0.20259811702114033,-0.12633229242454858,-0.1733512913080615,-0.2048319460268007,-0.27119849275944163,-0.1733962113931922,-0.14140258195097122,-0.2022041142238739,-0.14773052201739398,0.08288425531349569,-0.11875698179968212,1.0,-0.10099349699390979,-0.21158867077306776,0.0010625247965594892,-0.11950650343968179,-0.06558020186288276,-0.1367123007321627,0.23411187876086476,-0.027139240989317175,0.04149368820778401,0.04581900674581736,0.03138644367342232,0.31426178003206845,0.06009877215544431,-0.013225704347795925,-0.08256073967249963,0.1662307105958502,-0.11001521906345961,0.06271272218315081,-0.03587604137850895,0.3004171497599204,-0.02017149413047117,-0.015496631427235969,-0.2770655217537218,0.02085781752559708,0.05262648047456457,0.23583240550182416,0.13569543038055124,0.3998051786271616,-0.09733726642471424,0.21806521934400325,0.19213390557654073,-0.08248109448309489,0.3745748157886294,0.4749459181257746,0.22783002961155027,0.23905759116620523,0.220974437142621,0.22651000318646547,0.220974437142621
mRNA_FBP1,0.6689685347993028,-0.06302091040931132,-0.05690675688423267,0.5896092804269094,0.6044429674582088,0.5686200011921853,-0.42004908620623094,0.6248028654365466,0.5135395290061556,0.6092184406622427,0.6515558799514052,0.5386046583583937,0.5072472138317923,-0.04597202907886893,0.5930222407055554,0.6294455555661352,0.41693290849802234,0.561085916503397,0.5661701763055209,0.5219717443824161,0.4982846684926421,0.5688853388338192,-0.04852479383090348,-0.4691557181327375,0.5675519160844256,-0.10099349699390979,1.0,0.5637073193946833,-0.4666564321715952,0.5953230804195592,-0.561452123055847,0.1380426959674651,-0.08279744453631382,-0.5320668609954592,0.5570915102411461,-0.5650357051363133,-0.5968843915386448,0.03720734023309292,-0.47634705229119223,-0.5867699148726253,0.4958238456999625,-0.5311557290684853,-0.5170248765864053,-0.5427921814287157,-0.5632398730228898,-0.2342026514261667,-0.5638567870717431,-0.595640469429793,0.12512198014112572,-0.5846178439466224,-0.3958310868637892,-0.05147703540976757,0.012096251228355137,-0.4538888707551271,0.44572438312901635,-0.4165311775650628,-0.4637204458449759,0.10729205368366321,-0.40162674181744684,-0.3687931782383318,-0.2215747586184633,-0.21560228569831427,-0.21566565063755955,-0.21643438435995863,-0.21566565063755955
mRNA_SLC7A8,0.5438842077478612,-0.0725549077150999,0.055819101167851076,0.606913121140916,0.4619221206802857,0.5271449449126004,-0.3652859004290468,0.6245891915236461,0.4838952220136994,0.5996894860172884,0.5312090781720634,0.5127062701204904,0.6389716311632372,-0.09849162000224393,0.5650887122670099,0.5904548533124252,0.5779458636844887,0.6164941468046111,0.6108685739705576,0.42878293081194413,0.5413719436543973,0.6968145198023233,0.1520331522657065,-0.3997375522278391,0.600314700748119,-0.21158867077306776,0.5637073193946833,1.0,-0.36517911550080373,0.5498738413371644,-0.5321555217943835,0.15914528422975002,-0.18561747017336777,-0.4840225244910281,0.4972728045781578,-0.5213423730579673,-0.5604995050899398,-0.1559110034971586,-0.5059116131268695,-0.5658304264055447,0.4839752456690665,-0.554030215190963,-0.4798431876290574,-0.5884972395220912,-0.4804828218748183,-0.29254055524796574,-0.515591908564354,-0.5461209504305833,0.26605421687635067,-0.5316400681668344,-0.3952820881979447,-0.06561807512909046,0.04261246732781331,-0.5105000965521753,0.46651711323249695,-0.3987095077068626,-0.3684109017484055,0.11263203651969832,-0.4569003327919162,-0.37451703755480314,-0.30150884351566143,-0.2926122350796345,-0.29735376407221936,-0.3003423631106757,-0.29735376407221936
mRNA_EN1,-0.4508946160147442,0.1623391547991407,0.17480501973106075,-0.5012390875953716,-0.3785630635373186,-0.40214777480573244,0.46165470543627396,-0.496717195952312,-0.4327972849606802,-0.5056817013584572,-0.42323057291518856,-0.3654405712086589,-0.46054837590088094,-0.025865956263324982,-0.38678670307887647,-0.50163899775867,-0.31087926835552204,-0.4421379262033758,-0.3463377096538762,-0.36820118245968136,-0.43935997064897375,-0.42049210355152117,0.058173251703322756,0.44061546659487794,-0.48436107642643583,0.0010625247965594892,-0.4666564321715952,-0.36517911550080373,1.0,-0.4754100039579106,0.5350805789581541,-0.10084170613802355,0.0514611085848622,0.4533595146320632,-0.4605430513965817,0.4958581296755968,0.5346327135688378,-0.01553992134250283,0.3984460807091312,0.5059403127057096,-0.4093443524209963,0.416232856147616,0.4794033128077163,0.4804951136876626,0.49866584312021034,0.16916158282736024,0.49687358375448315,0.5084256595007772,-0.04782200934842473,0.4988268790238545,0.35480208706703775,-0.08607646216657303,-0.04719090495087837,0.27081610583603144,-0.433692020909665,0.281445088378175,0.2800265314736323,-0.09330748886739167,0.19357554503390734,0.19721473098865586,0.11765136976784499,0.09803816817587661,0.11112897785476773,0.11490351306196214,0.11112897785476773
mRNA_ZNF552,0.6443398760389526,-0.07626316783809343,0.06086253394609878,0.6786524377184336,0.47386333586498763,0.625827365902629,-0.35544675413751936,0.6487512364079674,0.5838980819835239,0.6442252691220332,0.48627872676224654,0.5328136790709056,0.7203097626552841,0.009431674046134592,0.6810852390599628,0.7024552953676761,0.5336353743617717,0.6543810120340646,0.5497718827171979,0.4954648015107648,0.5426985950298512,0.6048243392638988,-0.007176454365782748,-0.4548185967353544,0.7140860540480541,-0.11950650343968179,0.5953230804195592,0.5498738413371644,-0.4754100039579106,1.0,-0.5082353863043104,0.14417246634380051,-0.12768419398046246,-0.449072305743227,0.5429486559451272,-0.49733270958588177,-0.5686016313691064,-0.05450171130777783,-0.4505909167670561,-0.5343050258584457,0.4736850430220803,-0.5577997213255116,-0.43702595328092736,-0.559776413143783,-0.4691952546145804,-0.2793093531887736,-0.5319424722533064,-0.5507732836361112,0.13246150561264308,-0.5417475379935024,-0.40602338997339393,0.013209651010568854,0.0653267237048026,-0.5377037191023093,0.5254210490513221,-0.36868482795396945,-0.3992710253081534,0.05062438377220532,-0.49340298270398125,-0.40593272209759934,-0.26802666533012853,-0.2612784721250151,-0.26141376954398693,-0.2667042135622046,-0.26141376954398693
Methylation_cg22678977,-0.5407843403939206,0.14900465926023773,0.11972438978971,-0.6871427151478207,-0.5264653091817293,-0.5902363073056881,0.6797973798912155,-0.7006889127919236,-0.5183038675793387,-0.5961339659815521,-0.5752506709785785,-0.4433128572328212,-0.5551591835096603,-0.11969278963798072,-0.5315024161325332,-0.5735936922212168,-0.42217457937565783,-0.5837680616136365,-0.49229339152455653,-0.42015114637139245,-0.5725935873094068,-0.5467192185431169,0.16726405269658665,0.6327610375589511,-0.5641454994497724,-0.06558020186288276,-0.561452123055847,-0.5321555217943835,0.5350805789581541,-0.5082353863043104,1.0,-0.018110164892956394,-0.01380630053953877,0.7809136158862114,-0.7113330995754601,0.8171906247587605,0.817129817880625,-0.06474692449615492,0.760640124030769,0.8824269353588372,-0.6072839633166985,0.7074987281459238,0.8692939677998617,0.8355929436340879,0.8144004458292318,0.06309379603170429,0.8510529796662389,0.8814553087396394,-0.013756836416195227,0.8346907610365828,0.5540830552039049,-0.11793396225744122,-0.10775263488520068,0.36435952817327344,-0.5995352983694744,0.44474195357416224,0.471528746562541,-0.04444898849496971,0.2805563971567425,0.18331603563227558,0.13700414502460087,0.13265680734532032,0.13303971810656043,0.13537987765693557,0.13303971810656043
Methylation_cg27169860,0.18094761986946084,0.0021853777116957944,0.029655528341615885,0.1020932048036185,0.12437724330509074,0.14516612235426946,-0.0509869155163071,0.13155724177572664,0.17289853050796064,0.11616703132582704,0.12850763635357074,0.11764089570231172,0.1233711374863113,-0.1294949416430008,0.13918619948171762,0.10080054700521703,0.1267034803812529,0.15913843486337587,0.19509743066569804,0.17906746442539612,0.1173662067873345,0.13537878711343332,0.11372329573890103,-0.09488530531818452,0.11800469839805267,-0.1367123007321627,0.1380426959674651,0.15914528422975002,-0.10084170613802355,0.14417246634380051,-0.018110164892956394,1.0,0.05120665838437443,-0.02242596168566587,0.16090743495203289,-0.02666343450186081,-0.0797069427597245,-0.05725120200681429,0.04821158143479639,-0.017831868496332795,0.22948319824962216,-0.044007339074536314,0.002815483332038629,-0.07825961418573477,-0.03640252495271641,-0.14592767960137884,-0.04497802913599895,-0.05174743375809522,0.30050889252030477,-0.03877520725632446,-0.13491012610951833,-0.07423851585673584,-0.04729497688945431,-0.18330281831406273,0.06740088055968706,-0.14984179165090106,-0.12400445819370835,0.03973138648676584,-0.16973133505906238,-0.17820298539571758,-0.16299440147916358,-0.13847612570757867,-0.16560559111744322,-0.160834479550031,-0.16560559111744322
Methylation_cg09000583,-0.12112731858959053,0.20528009517642082,-0.07918805508714662,-0.11617306692012,0.06020507041604722,-0.09163738570228289,-0.06715745241686061,-0.1629528076708796,-0.019890665209382832,-0.19605630800164925,-0.04721681837080891,-0.06369551703285467,-0.21701546418116732,0.15203538883995374,-0.17666774333229204,-0.19904430873722861,-0.10367343875672445,-0.20361252694890708,-0.13848234165035053,-0.0744069631819466,-0.18661098449370842,-0.233181210621485,0.05972896552557119,0.04335351996918106,-0.2315368652544879,0.23411187876086476,-0.08279744453631382,-0.18561747017336777,0.0514611085848622,-0.12768419398046246,-0.01380630053953877,0.05120665838437443,1.0,0.01694827830423596,0.07670884801299997,0.10230257748840225,0.08940777309273443,0.1786009530584949,0.04326367754553054,0.024932016748219165,0.1255948030480653,0.16117452734315862,-0.08614539562808952,0.10303683875273334,-0.007958191230208649,0.3055932563403094,-0.021237261795862293,0.011504796623799551,-0.04729208986285344,0.03664911713564015,0.0001667453558228395,0.1429347684854824,-0.0687752952371838,0.19392256879910433,-0.08199480302059795,0.04278927760412642,0.06308481648289388,0.132022380011995,0.09931429925423468,0.10871647173171312,0.24138234941564157,0.2503687432604934,0.23997303386853858,0.2392472601041858,0.23997303386853858
Methylation_cg20415486,-0.49844471580337635,0.14502209090982143,0.07844352637505277,-0.6028615376914799,-0.44301676623923036,-0.5406875450573874,0.5808706221854111,-0.6171474771970304,-0.44180760082854836,-0.507384402196325,-0.5034243932809891,-0.39632076068745486,-0.498624292077254,-0.0601854373909333,-0.48750915972984504,-0.5300741436337202,-0.3775110945020496,-0.5511916695686226,-0.45838672326724483,-0.3652317645248247,-0.5364893906826484,-0.5020767345212913,0.12723071492322732,0.5420354362940568,-0.5271679274063681,-0.027139240989317175,-0.5320668609954592,-0.4840225244910281,0.4533595146320632,-0.449072305743227,0.7809136158862114,-0.02242596168566587,0.01694827830423596,1.0,-0.6426019717558121,0.7225663811743848,0.7479635375873832,-0.07525850164186376,0.6330943845021478,0.7608647591379027,-0.5227408965677605,0.6467541484434645,0.7388168719349739,0.7278475955553815,0.7477551014603346,0.08544870073513365,0.7358611304102707,0.7501611876564951,-0.0156331431201917,0.7421735642322773,0.4744576106939887,-0.08175453150937713,-0.07497175205497422,0.3549443818203319,-0.5392545859214803,0.4514054137004401,0.44075416985106347,-0.04481399514668947,0.26826851686075354,0.1929726049404704,0.11315301199255111,0.1062445559053029,0.10787891832157055,0.11146070801575098,0.10787891832157055
Methylation_cg17627629,0.5703372116015708,-0.08881412205260868,-0.08061002722764116,0.5841266020708922,0.5120628202691421,0.5634723985870702,-0.5535272634001668,0.6253417330074736,0.5181960940651533,0.5407406690536054,0.5341186161818341,0.4448317457552385,0.5060712441897216,0.11697077129917434,0.5025751478974265,0.5741690161691664,0.41878387612823664,0.508296128215657,0.5263127588969712,0.4371354996393776,0.5182364007350868,0.5491105627719415,-0.05304129218955921,-0.5209757551552137,0.5219240018072097,0.04149368820778401,0.5570915102411461,0.4972728045781578,-0.4605430513965817,0.5429486559451272,-0.7113330995754601,0.16090743495203289,0.07670884801299997,-0.6426019717558121,1.0,-0.6193915735923394,-0.7051678093798374,0.05565801323741109,-0.537902205369733,-0.7146477855239775,0.6832155551278608,-0.5446604406736549,-0.6875357918979812,-0.6783141669394391,-0.6142889295528382,-0.09674906761775146,-0.6897608102653526,-0.6949951273849464,0.19033407898938345,-0.6520547183509868,-0.5331537078006182,0.05880452537428014,0.07061810596165125,-0.4198339635615894,0.5259404146108453,-0.4286899633918096,-0.4257663169364023,0.08292417647500024,-0.37171145745363027,-0.2538826778634572,-0.1701983488292175,-0.1536155778127128,-0.16573741985022297,-0.16764005155659484,-0.16573741985022297
Methylation_cg04557423,-0.561025711787781,0.1807999763440857,0.12917980730879597,-0.6480265488449286,-0.5264188281682087,-0.5687910791979024,0.5889773794331693,-0.6735342190706708,-0.52366951090579,-0.5929773154790048,-0.6142294407929966,-0.46747098244958446,-0.5222372019428856,-0.008081227166744098,-0.5514988258210808,-0.566726850907345,-0.4341572980468669,-0.5851488078820977,-0.47941034601984334,-0.49419864481655484,-0.5578936199102879,-0.5553025799262116,0.15610102033208062,0.5797971339528081,-0.5927630795059485,0.04581900674581736,-0.5650357051363133,-0.5213423730579673,0.4958581296755968,-0.49733270958588177,0.8171906247587605,-0.02666343450186081,0.10230257748840225,0.7225663811743848,-0.6193915735923394,1.0,0.7735650023359311,0.0546682451480109,0.7034542209104864,0.81390219711415,-0.519494475271936,0.7070948289508241,0.7674351625849486,0.760317080986801,0.7959272954392708,0.15277391664507814,0.7812340920682388,0.8007580602370001,-0.09295257474550214,0.8091038302765909,0.5024941023005295,-0.10263691264422614,-0.10031859254953704,0.3918528419309298,-0.5821555617652168,0.4301049586982812,0.45765473720192096,-0.03584930498449702,0.3096166389957215,0.22868247607342135,0.17857701520207775,0.16965459044673184,0.1730414452937324,0.17834931605682475,0.1730414452937324
Methylation_cg03387103,-0.609307829894961,0.26418516811420323,0.07653946981223804,-0.7513995251062598,-0.48792346089440464,-0.6729948069484786,0.5668667422867685,-0.7454301836012175,-0.5436874612488397,-0.6249722783246321,-0.5793186962193645,-0.45068432972930306,-0.5996540702599716,-0.029379313184403656,-0.6079145841300758,-0.678784353609791,-0.37624505921347307,-0.6439121869238137,-0.5429036711944869,-0.4944776002747444,-0.661521894872747,-0.6227344461056312,0.24482585987964614,0.587608719616592,-0.6734532878813764,0.03138644367342232,-0.5968843915386448,-0.5604995050899398,0.5346327135688378,-0.5686016313691064,0.817129817880625,-0.0797069427597245,0.08940777309273443,0.7479635375873832,-0.7051678093798374,0.7735650023359311,1.0,-0.08389019928925327,0.5975843817273354,0.818700702701003,-0.5861426293140386,0.6955570967133397,0.7341609659351231,0.8178969974149792,0.7506317212000821,0.1516621879261717,0.781182754829425,0.8340433568303528,-0.08106009525034977,0.8002950538426175,0.5215949334455134,-0.00889985560574507,-0.14434075896146237,0.3969516187760155,-0.6543206292245921,0.4170093360917214,0.46515392794725846,0.05825285349173081,0.30257334326708907,0.241276853560058,0.24726108132759,0.24146199115389314,0.24482222950369734,0.24610976823021166,0.24482222950369734
Methylation_cg02003183,-0.10534191546279541,-0.10715943866594022,0.019431474420587718,-0.008192816286517015,-0.11422107247619674,-0.02630966053859571,0.13207299368146977,0.0013579913722567075,-0.03845962198691383,-0.11759691217608478,-0.050724990209936524,-0.2645812890576011,-0.04039971867886877,0.22505203141887578,-0.12869562541942936,-0.029602283300008355,-0.2973417690245511,-0.11866320153020354,-0.10934070575401392,-0.16012799483741622,-0.05537978621543454,-0.1824246865534022,-0.23284970137012756,0.04009060468124885,-0.023648881030282905,0.31426178003206845,0.03720734023309292,-0.1559110034971586,-0.01553992134250283,-0.05450171130777783,-0.06474692449615492,-0.05725120200681429,0.1786009530584949,-0.07525850164186376,0.05565801323741109,0.0546682451480109,-0.08389019928925327,1.0,0.19743037694835877,0.018066424177994117,0.013325672984806554,0.06255343690586576,-0.008531399251423277,0.016737795625099475,-0.08800702959423584,0.22337881899410542,0.05636643244571768,-0.03918486454712898,-0.1891602946486947,0.04380261449110462,0.07358994093978388,-0.00018063359243466998,0.047009404321346204,0.20088395101691697,-0.09398100529906192,0.06071906822630888,0.12882498493416097,-0.14522122658160866,0.2441606188884513,0.13817610341373388,0.10273560542364107,0.09670310759137754,0.09895446209385864,0.10301763439160158,0.09895446209385864
Methylation_cg02693150,-0.47467727391145065,0.007335802587260114,0.05545398240044985,-0.5733603159085553,-0.4771167640001637,-0.5203124216690612,0.6356235752018898,-0.5440721089793843,-0.4443909392479105,-0.5320789668713687,-0.4695266226161939,-0.4743417434310144,-0.502725096838769,-0.01230492911550048,-0.4686418050880945,-0.47920192307909104,-0.49347126897963534,-0.5156890548858479,-0.4752475723187559,-0.34258768875248174,-0.43188976659957967,-0.4902472464875731,0.0027569421514204713,0.5265300284359762,-0.4467580272971898,0.06009877215544431,-0.47634705229119223,-0.5059116131268695,0.3984460807091312,-0.4505909167670561,0.760640124030769,0.04821158143479639,0.04326367754553054,0.6330943845021478,-0.537902205369733,0.7034542209104864,0.5975843817273354,0.19743037694835877,1.0,0.7452514051357808,-0.458853818790751,0.6599459457031347,0.7646873021901177,0.6916205017413817,0.713982968281339,0.10522599042758214,0.7188577859799423,0.7027478482542676,-0.03685939169083549,0.7170605663735778,0.47495833384623565,-0.11696972161628166,-0.08257709740385147,0.37516161259022446,-0.4971578427208101,0.40467508790919304,0.46130516969308893,-0.19416813949023837,0.3451014934609799,0.21898209667561722,0.10646013682300814,0.09358402964353281,0.10058734249812583,0.10735287679073552,0.10058734249812583
Methylation_cg11197206,-0.6084104688354257,0.14801266802505353,0.1140386171544667,-0.6923555261268303,-0.5640849949731997,-0.618258898517099,0.6708718630377242,-0.7133656726719269,-0.5466932565813863,-0.6082799404370093,-0.6093978781868263,-0.4958101095198475,-0.5316897751014427,-0.08963747254910255,-0.5606699287724423,-0.5820807784168397,-0.4780183090274775,-0.6119782388033372,-0.5476119377500246,-0.48456346015975715,-0.5763727712072182,-0.5721139310413376,0.1262458684966251,0.5973409251401046,-0.5906169053877219,-0.013225704347795925,-0.5867699148726253,-0.5658304264055447,0.5059403127057096,-0.5343050258584457,0.8824269353588372,-0.017831868496332795,0.024932016748219165,0.7608647591379027,-0.7146477855239775,0.81390219711415,0.818700702701003,0.018066424177994117,0.7452514051357808,1.0,-0.6010517959613237,0.7337086779237091,0.8397284704064493,0.8266832270886629,0.7602149961936733,0.10463637530234121,0.8781703151400576,0.8806431744339995,-0.023631242116113352,0.8501363324548248,0.5386640437786961,-0.1240258622510412,-0.12263348576667497,0.400899366064828,-0.6299701825979551,0.47007650392261197,0.4914713265349841,-0.0644777424173887,0.33087105367306585,0.21104584517753674,0.14942841227271905,0.14581530113462549,0.14332624119215548,0.14823734351295587,0.14332624119215548
Methylation_cg15690342,0.5535330417829104,-0.09321085836400478,-0.02029768626359962,0.538639449743887,0.458686625891371,0.5105893842820884,-0.45226068956892074,0.5760004027892007,0.5178756525704494,0.4664233212172247,0.5238602218105184,0.4493776582521984,0.46941933472453784,-0.016311661855621613,0.44457613872348795,0.48716575099937215,0.4155907345336529,0.5019233904264426,0.485561188998558,0.4044738114650815,0.4894975716358703,0.4703997311038526,0.0019261947756135705,-0.4585161788969672,0.4673109605873952,-0.08256073967249963,0.4958238456999625,0.4839752456690665,-0.4093443524209963,0.4736850430220803,-0.6072839633166985,0.22948319824962216,0.1255948030480653,-0.5227408965677605,0.6832155551278608,-0.519494475271936,-0.5861426293140386,0.013325672984806554,-0.458853818790751,-0.6010517959613237,1.0,-0.47047396810892567,-0.5761067888104452,-0.5799531620539203,-0.4929429594194216,-0.12467756615215134,-0.6048379520111632,-0.5909665953963574,0.2552243488499964,-0.5637470016927935,-0.4610184365315878,0.021206199892018482,0.024164851545554925,-0.4064101242871206,0.4795936293568982,-0.41115074001263907,-0.38292090995037387,0.08147967516831771,-0.37610661884255997,-0.28963164161001836,-0.1488227602710248,-0.13385270103114505,-0.14419436202183328,-0.14756930480826247,-0.14419436202183328
Methylation_cg18948877,-0.5528934075371496,0.19292597480567272,-0.05534381546094137,-0.6696869092694605,-0.38806129270878875,-0.6488487524657639,0.5257580309892916,-0.6512771673068992,-0.4672867580743547,-0.5410481374893118,-0.4792678289937844,-0.48676098462118433,-0.5602946070698905,0.05448499201783983,-0.5948192868908859,-0.5439850091100185,-0.430468977561039,-0.6103802631694305,-0.5595211539820515,-0.4378517928763354,-0.5207520294989324,-0.5680338343642922,0.15862859163974555,0.5432755602055078,-0.5491280734053153,0.1662307105958502,-0.5311557290684853,-0.554030215190963,0.416232856147616,-0.5577997213255116,0.7074987281459238,-0.044007339074536314,0.16117452734315862,0.6467541484434645,-0.5446604406736549,0.7070948289508241,0.6955570967133397,0.06255343690586576,0.6599459457031347,0.7337086779237091,-0.47047396810892567,1.0,0.6091044234298232,0.7644014439569662,0.6363619303779976,0.16372116657423363,0.6959844792264643,0.7413399237860534,-0.1600073335939392,0.712299696532747,0.4642187639277765,0.03450731248631194,-0.13620848045956202,0.44404452076735607,-0.566796917573095,0.3882318135258269,0.4082131339800758,-0.007616528566358102,0.3312131747449714,0.3164036647781674,0.22013337704426517,0.21609507012355147,0.2159435026305629,0.22089269425973415,0.2159435026305629
Methylation_cg20456954,-0.4836268115042798,0.07949263731071815,0.17421619786662207,-0.6058082951993906,-0.5333586516107727,-0.5024152757814284,0.6927318148905038,-0.6038936936902249,-0.4522895896872922,-0.5404774616427143,-0.5283058185678503,-0.387078982393946,-0.47319227490411514,-0.12976498245662596,-0.4214637667358641,-0.48912111011367715,-0.43780678607367424,-0.5016749598132177,-0.42389252111900855,-0.3856587826513188,-0.48069607953983656,-0.45731698999517884,0.09832292971147379,0.5718958642093895,-0.48976852281428673,-0.11001521906345961,-0.5170248765864053,-0.4798431876290574,0.4794033128077163,-0.43702595328092736,0.8692939677998617,0.002815483332038629,-0.08614539562808952,0.7388168719349739,-0.6875357918979812,0.7674351625849486,0.7341609659351231,-0.008531399251423277,0.7646873021901177,0.8397284704064493,-0.5761067888104452,0.6091044234298232,1.0,0.776318898325055,0.7575131311898337,-0.004863249476208407,0.8296418129738949,0.8114584404846437,-0.02286829443522889,0.7825216161427588,0.5372124589782062,-0.17195566949794752,-0.08220573516668908,0.2931701035621363,-0.534303303233301,0.4114855244257783,0.42126062410571363,-0.12272611122263583,0.2369470084013218,0.12853046061244874,0.09423716539248715,0.0907208332722881,0.08548860012924929,0.09190911123547474,0.08548860012924929
Methylation_cg12633764,-0.6235102423254687,0.2226593667551387,-0.023892888597445996,-0.7116521188898995,-0.5093197814122808,-0.6335135794946485,0.6104910303825497,-0.7198380497426973,-0.5132989377302013,-0.6141044276790204,-0.5658332707660735,-0.45090591235196686,-0.6098531146207398,-0.005277658930335558,-0.6119706596230818,-0.6041351521492673,-0.4348162184502205,-0.6270201019371995,-0.5755647003096304,-0.45559031793889376,-0.6042491000070398,-0.5994386810248502,0.13269735490256052,0.5784162835625029,-0.620492039692705,0.06271272218315081,-0.5427921814287157,-0.5884972395220912,0.4804951136876626,-0.559776413143783,0.8355929436340879,-0.07825961418573477,0.10303683875273334,0.7278475955553815,-0.6783141669394391,0.760317080986801,0.8178969974149792,0.016737795625099475,0.6916205017413817,0.8266832270886629,-0.5799531620539203,0.7644014439569662,0.776318898325055,1.0,0.7084097213236038,0.1166788774717298,0.8064590606072699,0.847886998273664,-0.14418006286765203,0.7949064821953177,0.544341179233128,-0.03960439213609609,-0.13406025703952856,0.4340422914128799,-0.6249670396698955,0.46818968030403163,0.456939938820489,-0.024204969621334182,0.3024490238995832,0.2945245660915006,0.2267440438410425,0.22170160849673942,0.22202003474709342,0.22578608316329127,0.22202003474709342
Methylation_cg25245963,-0.5067944055105253,0.12817135176171063,0.08404320507331244,-0.5989640006458086,-0.5130473505726904,-0.5612454360880743,0.5974522038804035,-0.6160549999426792,-0.4941961777309776,-0.5122453449655191,-0.5363001019581844,-0.4094373211424041,-0.5083323026862332,-0.07096487004888537,-0.46271205911143165,-0.5449821655993291,-0.3517800897206709,-0.47255479537032796,-0.4753529350648702,-0.4014432840445829,-0.5125540621448723,-0.48395767122997313,0.16149084492638596,0.5755245573429016,-0.5105793390156952,-0.03587604137850895,-0.5632398730228898,-0.4804828218748183,0.49866584312021034,-0.4691952546145804,0.8144004458292318,-0.03640252495271641,-0.007958191230208649,0.7477551014603346,-0.6142889295528382,0.7959272954392708,0.7506317212000821,-0.08800702959423584,0.713982968281339,0.7602149961936733,-0.4929429594194216,0.6363619303779976,0.7575131311898337,0.7084097213236038,1.0,0.07643884188669833,0.7205001960614243,0.7657004495355723,-0.020153907307597526,0.7845225197128494,0.49317238205160835,-0.12225249967595687,-0.08784652104238087,0.31954492447580546,-0.5459887161204595,0.4628041366116948,0.4831536821030111,-0.08754538473998867,0.2886150255322115,0.19375816875629173,0.10533178622414426,0.09200343675219372,0.1013370645001331,0.10436182872711004,0.1013370645001331
Methylation_cg11386025,-0.2570297199773887,0.007490890104307062,0.08436985559892685,-0.2081930209417258,-0.20097649671942036,-0.22888325892021533,0.11619891199911649,-0.21660892874947985,-0.26869537906402535,-0.3000807468860626,-0.22469332980632628,-0.3077925367136269,-0.3025580461574155,0.2629171993989172,-0.32803085846764535,-0.31643297556654415,-0.28117536019598893,-0.3011463961071596,-0.2327883818901957,-0.35966304421451817,-0.3281182676782947,-0.32502013707650684,-0.20708094070585759,0.14891348544003008,-0.316662194892465,0.3004171497599204,-0.2342026514261667,-0.29254055524796574,0.16916158282736024,-0.2793093531887736,0.06309379603170429,-0.14592767960137884,0.3055932563403094,0.08544870073513365,-0.09674906761775146,0.15277391664507814,0.1516621879261717,0.22337881899410542,0.10522599042758214,0.10463637530234121,-0.12467756615215134,0.16372116657423363,-0.004863249476208407,0.1166788774717298,0.07643884188669833,1.0,0.09666030275685655,0.08761991906372116,-0.13003051391819317,0.1486771703004153,0.17895323378584876,0.13709616140049807,0.08122494758452913,0.34729839318244315,-0.2569474209486137,0.18545342783421082,0.20530282657196972,-0.00505517822813792,0.3486415082631015,0.30418037227857786,0.2839479351996635,0.25815458129646524,0.27724184398594587,0.28330828782472506,0.27724184398594587
Methylation_cg22789237,-0.6078733703179983,0.1487018553058514,0.10688050638497369,-0.6765388697215411,-0.5468050885124239,-0.5911347616781705,0.6516784125318229,-0.6718707190964868,-0.531665251163712,-0.6231956283011167,-0.6029958123208368,-0.5242347408425942,-0.5145026572310903,-0.10961733621092432,-0.5354339641330124,-0.5745130797311891,-0.4670627340456716,-0.5879753218075277,-0.4987928421076986,-0.4662065468317331,-0.5303142492871451,-0.539270618330631,0.10599380181963376,0.5867021316818289,-0.5700687762919078,-0.02017149413047117,-0.5638567870717431,-0.515591908564354,0.49687358375448315,-0.5319424722533064,0.8510529796662389,-0.04497802913599895,-0.021237261795862293,0.7358611304102707,-0.6897608102653526,0.7812340920682388,0.781182754829425,0.05636643244571768,0.7188577859799423,0.8781703151400576,-0.6048379520111632,0.6959844792264643,0.8296418129738949,0.8064590606072699,0.7205001960614243,0.09666030275685655,1.0,0.8693709736580822,-0.05272689971240913,0.86108840392195,0.5402239418017719,-0.1275194068179177,-0.08486385170455664,0.41596830383101213,-0.5972707923765761,0.46217688579428534,0.4672404766319069,-0.043877181962906214,0.35898429689254824,0.22367938465243067,0.17186957270103828,0.16711383759738613,0.16706035372913103,0.1713579174179396,0.16706035372913103
Methylation_cg03103549,-0.6047784979386451,0.21793320388382428,0.06667737811217052,-0.7109341606676242,-0.525020998404886,-0.6344199078953746,0.622713091800117,-0.7331602366514898,-0.5443155099285439,-0.6019095094100725,-0.5997586872277164,-0.4867577587000967,-0.5443376404409515,-0.09331065198622823,-0.5827556253495344,-0.6107126318103118,-0.4389754540442779,-0.6022297133159459,-0.5365326330841399,-0.4521736338859287,-0.567562156345098,-0.5693678568769737,0.1693755825827009,0.6116291894397637,-0.6033664741809239,-0.015496631427235969,-0.595640469429793,-0.5461209504305833,0.5084256595007772,-0.5507732836361112,0.8814553087396394,-0.05174743375809522,0.011504796623799551,0.7501611876564951,-0.6949951273849464,0.8007580602370001,0.8340433568303528,-0.03918486454712898,0.7027478482542676,0.8806431744339995,-0.5909665953963574,0.7413399237860534,0.8114584404846437,0.847886998273664,0.7657004495355723,0.08761991906372116,0.8693709736580822,1.0,-0.07552219467528425,0.8696767077276124,0.5281070043709171,-0.05455056437833356,-0.13419845633032634,0.4009306193460323,-0.6095223664510828,0.4305997121796574,0.46480853168010355,-0.008730820065844828,0.3126896236739318,0.23532735320407067,0.173902058551533,0.16899618057212668,0.16977701767285847,0.17087068618352128,0.16977701767285847
Methylation_cg06436185,0.22331714493288185,-0.06820763568447073,0.24936871239146186,0.12305992281966455,0.17940774551631222,0.136237702760275,0.009534799707020456,0.17043843614907508,0.11149235948395045,0.09367740105783502,0.15276462044237402,0.11733401695110532,0.15855861752700856,-0.2305794564222374,0.18820747019094963,0.14588445919626938,0.27888192106308046,0.1804083029277983,0.2888088087695729,0.14264173333736516,0.22074587770210566,0.2710569778780285,0.15337451642873506,-0.048911209951488455,0.13688355205136502,-0.2770655217537218,0.12512198014112572,0.26605421687635067,-0.04782200934842473,0.13246150561264308,-0.013756836416195227,0.30050889252030477,-0.04729208986285344,-0.0156331431201917,0.19033407898938345,-0.09295257474550214,-0.08106009525034977,-0.1891602946486947,-0.03685939169083549,-0.023631242116113352,0.2552243488499964,-0.1600073335939392,-0.02286829443522889,-0.14418006286765203,-0.020153907307597526,-0.13003051391819317,-0.05272689971240913,-0.07552219467528425,1.0,-0.05147111453891242,-0.12433143848936364,-0.12853958593954604,-0.02534065081691578,-0.2800612772435574,0.09681871437141257,-0.1442291296531136,-0.1251870757245119,0.11784965405464866,-0.2859301920042216,-0.30800232564629293,-0.19102824083620898,-0.18202842879831949,-0.18911414006568728,-0.1921038590981016,-0.18911414006568728
Methylation_cg25787812,-0.614503678772768,0.14918463501112078,0.07867274020889158,-0.6688248599052713,-0.5571307416040504,-0.5940221366165113,0.6041378734774467,-0.6923449811804794,-0.5522227975114828,-0.6017678463808053,-0.599940379428329,-0.5310962403086437,-0.517364361421723,-0.029824524981819072,-0.5592789670871149,-0.5900925095309059,-0.4394850975495565,-0.5929366150466968,-0.4950018297996909,-0.48754114144241045,-0.5668513437114684,-0.5871610674313382,0.14648877768359733,0.6059656337405563,-0.601298797477191,0.02085781752559708,-0.5846178439466224,-0.5316400681668344,0.4988268790238545,-0.5417475379935024,0.8346907610365828,-0.03877520725632446,0.03664911713564015,0.7421735642322773,-0.6520547183509868,0.8091038302765909,0.8002950538426175,0.04380261449110462,0.7170605663735778,0.8501363324548248,-0.5637470016927935,0.712299696532747,0.7825216161427588,0.7949064821953177,0.7845225197128494,0.1486771703004153,0.86108840392195,0.8696767077276124,-0.05147111453891242,1.0,0.49759208109020503,-0.11759467152365838,-0.108442728677866,0.4229671310178148,-0.5987011290126848,0.45910138078277984,0.4885701401220577,-0.04429715754293194,0.3479609082882602,0.2364116789373941,0.20188090280111176,0.1967669309185542,0.19824202504582666,0.20074495434985654,0.19824202504582666
miRNA_hsa-mir-934,-0.413158857254506,0.18331519234515156,0.14441365526204025,-0.4743179075634583,-0.3733648246228988,-0.4716722122773381,0.5458898704677164,-0.48324631587386924,-0.39091593240462363,-0.43903106882879905,-0.43771330606114406,-0.3596043549084906,-0.41455812554175503,-0.0066229278129434875,-0.46771993337126583,-0.4460427804958308,-0.3828572623866517,-0.4512823734112427,-0.39021029426590254,-0.41913104343807334,-0.38588813508039715,-0.42098202359670034,0.09254088540344044,0.5843214529743407,-0.4150868542478005,0.05262648047456457,-0.3958310868637892,-0.3952820881979447,0.35480208706703775,-0.40602338997339393,0.5540830552039049,-0.13491012610951833,0.0001667453558228395,0.4744576106939887,-0.5331537078006182,0.5024941023005295,0.5215949334455134,0.07358994093978388,0.47495833384623565,0.5386640437786961,-0.4610184365315878,0.4642187639277765,0.5372124589782062,0.544341179233128,0.49317238205160835,0.17895323378584876,0.5402239418017719,0.5281070043709171,-0.12433143848936364,0.49759208109020503,1.0,-0.021179556243755025,-0.04393392864512043,0.3488600345956853,-0.4761802628510497,0.3945127652277177,0.46628796265684175,0.03336825365157841,0.3420952085784204,0.20645808137679944,0.16433688500647084,0.14707176256414484,0.16139348146911822,0.1629181141809583,0.16139348146911822
miRNA_hsa-mir-4728,-0.02362973239016995,0.18506265311870618,-0.14521254871964034,-0.03174846132012254,0.06647267634853123,-0.05280642413597854,-0.17276182121336386,-0.01772745083641017,-0.010880372683849112,0.0332232771895236,0.0015606228966503742,-0.03326452423031577,0.02363536960137998,0.12325254094461646,-0.07422731145906353,-0.06248229400350046,0.02154672232648444,-0.018278319274360938,-0.06876940688134418,0.005331015288597487,-0.014669688713967005,-0.040264980335150614,0.05419596629254977,-0.04587557517839177,-0.0008614699594254225,0.23583240550182416,-0.05147703540976757,-0.06561807512909046,-0.08607646216657303,0.013209651010568854,-0.11793396225744122,-0.07423851585673584,0.1429347684854824,-0.08175453150937713,0.05880452537428014,-0.10263691264422614,-0.00889985560574507,-0.00018063359243466998,-0.11696972161628166,-0.1240258622510412,0.021206199892018482,0.03450731248631194,-0.17195566949794752,-0.03960439213609609,-0.12225249967595687,0.13709616140049807,-0.1275194068179177,-0.05455056437833356,-0.12853958593954604,-0.11759467152365838,-0.021179556243755025,1.0,0.061070509254461766,0.10731127146753873,0.05939179596135331,-0.026042593192877887,-0.011655499995654609,0.11932955549790374,0.08559985540102484,0.2011896744394171,0.13298208190732932,0.1476133667619702,0.12957588058930047,0.12662841130156235,0.12957588058930047
miRNA_hsa-mir-5695,-0.004808716351997636,-0.11965455919039054,0.014482887767757387,0.15503628245396175,-0.0657276342840657,0.09365046290138464,-0.05749144069567006,0.1286378783608107,0.0027094761250102068,0.017715667978836936,-0.08999142856367486,-0.01120746141455616,0.08053647489791423,0.19126173931642237,0.09450835585698833,0.07878547772521112,0.02534621437793233,0.10582906452249892,0.05423284150320157,-0.036287786862614614,0.046468341755360965,0.05249969763529424,-0.15884471136678838,-0.07776596264984781,0.06911808667896836,0.13569543038055124,0.012096251228355137,0.04261246732781331,-0.04719090495087837,0.0653267237048026,-0.10775263488520068,-0.04729497688945431,-0.0687752952371838,-0.07497175205497422,0.07061810596165125,-0.10031859254953704,-0.14434075896146237,0.047009404321346204,-0.08257709740385147,-0.12263348576667497,0.024164851545554925,-0.13620848045956202,-0.08220573516668908,-0.13406025703952856,-0.08784652104238087,0.08122494758452913,-0.08486385170455664,-0.13419845633032634,-0.02534065081691578,-0.108442728677866,-0.04393392864512043,0.061070509254461766,1.0,0.09231863562388816,0.18111302950522637,0.10199965245264137,0.0750233601884886,-0.08508994700475603,0.1049209863133002,0.17343382816525396,-0.023022591016628183,-0.017160874761119018,-0.021513392958199686,-0.015261178815952257,-0.021513392958199686
miRNA_hsa-mir-18a,-0.5572365689197482,0.06750326983324494,-0.04198795080213244,-0.4761441900826662,-0.4015671664751999,-0.4809413682550193,0.25291335177583424,-0.458464718809097,-0.44695995587494736,-0.5325976058876623,-0.45833752038270836,-0.5159335540672939,-0.5249639659380185,0.22984830226175676,-0.4946621450464288,-0.5788607523410585,-0.5471685597954595,-0.5338241543830259,-0.5097333723068591,-0.40189565894261825,-0.4353018229265415,-0.5638117246379372,-0.18751540719789164,0.326427652821399,-0.5627141758174018,0.3998051786271616,-0.4538888707551271,-0.5105000965521753,0.27081610583603144,-0.5377037191023093,0.36435952817327344,-0.18330281831406273,0.19392256879910433,0.3549443818203319,-0.4198339635615894,0.3918528419309298,0.3969516187760155,0.20088395101691697,0.37516161259022446,0.400899366064828,-0.4064101242871206,0.44404452076735607,0.2931701035621363,0.4340422914128799,0.31954492447580546,0.34729839318244315,0.41596830383101213,0.4009306193460323,-0.2800612772435574,0.4229671310178148,0.3488600345956853,0.10731127146753873,0.09231863562388816,1.0,-0.2548531392414155,0.4490129200701278,0.4766144109958173,-0.08627462298646839,0.800631833121495,0.6541164508357641,0.32138159364311675,0.3124862054372901,0.3177337412486845,0.319205911431275,0.3177337412486845
miRNA_hsa-mir-190b,0.5484420697025939,-0.08396064270067743,-0.008017159471441314,0.5863369887318828,0.46921773088812063,0.5681331277769313,-0.4903442178069357,0.5708418428381364,0.4791821469719754,0.510981250366858,0.4747181770930521,0.5095334304124218,0.4902831175036138,0.05695480599373379,0.6016726219080555,0.5028289941033005,0.3745536306138991,0.5249659843349296,0.43680442565750693,0.5252172896935052,0.5858069389222705,0.49647562451858407,-0.05490604302526825,-0.5297848122726398,0.5123975294501697,-0.09733726642471424,0.44572438312901635,0.46651711323249695,-0.433692020909665,0.5254210490513221,-0.5995352983694744,0.06740088055968706,-0.08199480302059795,-0.5392545859214803,0.5259404146108453,-0.5821555617652168,-0.6543206292245921,-0.09398100529906192,-0.4971578427208101,-0.6299701825979551,0.4795936293568982,-0.566796917573095,-0.534303303233301,-0.6249670396698955,-0.5459887161204595,-0.2569474209486137,-0.5972707923765761,-0.6095223664510828,0.09681871437141257,-0.5987011290126848,-0.4761802628510497,0.05939179596135331,0.18111302950522637,-0.2548531392414155,1.0,-0.330681775343551,-0.31989296956561275,0.002273133576705848,-0.21580310232730948,-0.1602509337044373,-0.21294093090224372,-0.1909270063892685,-0.2074481776832432,-0.21231653365331998,-0.2074481776832432
miRNA_hsa-mir-577,-0.5099828234555869,0.028646357960231964,0.04248107309738426,-0.36118787792077767,-0.44735241514440244,-0.4109947373715663,0.4126793139512821,-0.403530927859483,-0.4171971441145532,-0.39778477177917243,-0.48900426510932066,-0.37789186271498176,-0.35956167727913263,0.19490302172787674,-0.3929934672705879,-0.35961822952734845,-0.3363379940980078,-0.3803455411093326,-0.4469439453139558,-0.38953603345566723,-0.37041490007192934,-0.36200057178993217,-0.04919184800911938,0.43458926507789014,-0.3711911446972202,0.21806521934400325,-0.4165311775650628,-0.3987095077068626,0.281445088378175,-0.36868482795396945,0.44474195357416224,-0.14984179165090106,0.04278927760412642,0.4514054137004401,-0.4286899633918096,0.4301049586982812,0.4170093360917214,0.06071906822630888,0.40467508790919304,0.47007650392261197,-0.41115074001263907,0.3882318135258269,0.4114855244257783,0.46818968030403163,0.4628041366116948,0.18545342783421082,0.46217688579428534,0.4305997121796574,-0.1442291296531136,0.45910138078277984,0.3945127652277177,-0.026042593192877887,0.10199965245264137,0.4490129200701278,-0.330681775343551,1.0,0.5420417765796794,-0.20854709284006728,0.3971672960720761,0.429548914051167,0.16821432186607246,0.16681007968747621,0.16060697776561203,0.16721259838932728,0.16060697776561203
miRNA_hsa-mir-135b,-0.4658015654615974,0.07245898348433949,0.07473597806443955,-0.42336914924144853,-0.4428232691988587,-0.43596496912461546,0.4686708314338799,-0.4247899866453554,-0.38289121485624594,-0.3948864371195214,-0.46629394550657943,-0.44876445618260036,-0.37792691321203964,0.1405852655794676,-0.40791042794806004,-0.4576064826739631,-0.42623200631435865,-0.41565567869356457,-0.42662756509208044,-0.3618301979721977,-0.35844233496883005,-0.391361105092877,-0.0028460918830743778,0.5498156412482623,-0.41041692643076005,0.19213390557654073,-0.4637204458449759,-0.3684109017484055,0.2800265314736323,-0.3992710253081534,0.471528746562541,-0.12400445819370835,0.06308481648289388,0.44075416985106347,-0.4257663169364023,0.45765473720192096,0.46515392794725846,0.12882498493416097,0.46130516969308893,0.4914713265349841,-0.38292090995037387,0.4082131339800758,0.42126062410571363,0.456939938820489,0.4831536821030111,0.20530282657196972,0.4672404766319069,0.46480853168010355,-0.1251870757245119,0.4885701401220577,0.46628796265684175,-0.011655499995654609,0.0750233601884886,0.4766144109958173,-0.31989296956561275,0.5420417765796794,1.0,-0.14710018481924408,0.44314955098369535,0.4064561106448679,0.19702006037541855,0.20482784909666493,0.19363544097151222,0.19681108799912597,0.19363544097151222
miRNA_hsa-mir-2115,0.1529653976102552,0.2965922084403288,0.07928862665381006,0.004425557063092064,0.283118960135371,0.020992382633978783,-0.10635315401517513,-0.015936864738028203,0.04917300234409001,0.03928914957142355,0.056259959678803186,0.12660963358803193,0.0715822062390984,-0.10600745216253125,-0.05124065938688503,0.03124225319973417,0.15921977157838216,0.012952873335321946,0.11725816274695158,0.08158847905273842,-0.033018044960957955,0.050297527024982094,0.34885481799696877,-0.006621775018606339,-0.010443772365063107,-0.08248109448309489,0.10729205368366321,0.11263203651969832,-0.09330748886739167,0.05062438377220532,-0.04444898849496971,0.03973138648676584,0.132022380011995,-0.04481399514668947,0.08292417647500024,-0.03584930498449702,0.05825285349173081,-0.14522122658160866,-0.19416813949023837,-0.0644777424173887,0.08147967516831771,-0.007616528566358102,-0.12272611122263583,-0.024204969621334182,-0.08754538473998867,-0.00505517822813792,-0.043877181962906214,-0.008730820065844828,0.11784965405464866,-0.04429715754293194,0.03336825365157841,0.11932955549790374,-0.08508994700475603,-0.08627462298646839,0.002273133576705848,-0.20854709284006728,-0.14710018481924408,1.0,-0.14845059708721686,-0.15643326698500745,-0.017099048076931665,0.004983844701186632,-0.010839374150088073,-0.014484162724444433,-0.010839374150088073
miRNA_hsa-mir-17,-0.42468826198835957,-0.002323329636387299,0.012767831447912536,-0.4119147938503746,-0.365595562006704,-0.4679509316576637,0.2475560633664228,-0.3597678488436053,-0.44406754933070725,-0.4609724511368779,-0.41378176966434344,-0.5156888596336002,-0.4449422595679822,0.2032008213403213,-0.40893973503272546,-0.47826033568206405,-0.5224007051724809,-0.4383352647957891,-0.4281143326452438,-0.3816791233326963,-0.3126974283217244,-0.5055990936895569,-0.23829956996149013,0.30957705952352005,-0.4387672992189282,0.3745748157886294,-0.40162674181744684,-0.4569003327919162,0.19357554503390734,-0.49340298270398125,0.2805563971567425,-0.16973133505906238,0.09931429925423468,0.26826851686075354,-0.37171145745363027,0.3096166389957215,0.30257334326708907,0.2441606188884513,0.3451014934609799,0.33087105367306585,-0.37610661884255997,0.3312131747449714,0.2369470084013218,0.3024490238995832,0.2886150255322115,0.3486415082631015,0.35898429689254824,0.3126896236739318,-0.2859301920042216,0.3479609082882602,0.3420952085784204,0.08559985540102484,0.1049209863133002,0.800631833121495,-0.21580310232730948,0.3971672960720761,0.44314955098369535,-0.14845059708721686,1.0,0.48993723346152207,0.28094975094693353,0.2630960458063793,0.27642469797858027,0.2795199576337155,0.27642469797858027
miRNA_hsa-mir-130b,-0.5286223057076724,-0.008587325203018093,-0.21729931054955456,-0.31350859138230563,-0.4161453638891885,-0.33999547520884016,0.09809124412237383,-0.32332250238999993,-0.3336194690650731,-0.2895083975495418,-0.39275448758142656,-0.42068586516367884,-0.37269692431491364,0.36899596033164617,-0.433600323688231,-0.40229565216426094,-0.3478038817907688,-0.38523493824151794,-0.468193506114998,-0.3595012798798667,-0.3430297930635794,-0.3386082551759241,-0.16588728997838945,0.18623801873767715,-0.39025931376332323,0.4749459181257746,-0.3687931782383318,-0.37451703755480314,0.19721473098865586,-0.40593272209759934,0.18331603563227558,-0.17820298539571758,0.10871647173171312,0.1929726049404704,-0.2538826778634572,0.22868247607342135,0.241276853560058,0.13817610341373388,0.21898209667561722,0.21104584517753674,-0.28963164161001836,0.3164036647781674,0.12853046061244874,0.2945245660915006,0.19375816875629173,0.30418037227857786,0.22367938465243067,0.23532735320407067,-0.30800232564629293,0.2364116789373941,0.20645808137679944,0.2011896744394171,0.17343382816525396,0.6541164508357641,-0.1602509337044373,0.429548914051167,0.4064561106448679,-0.15643326698500745,0.48993723346152207,1.0,0.2853750631399478,0.2876635220206422,0.28390246914337075,0.28550740622674237,0.28390246914337075
CNV_VPS54,-0.3124149517062163,0.09116043514019785,-0.026181023797040626,-0.29404856602834584,-0.15570871630271807,-0.27158044153351973,0.0541691235345454,-0.29115054933499096,-0.23704340208836366,-0.26445084619105896,-0.18570865525931987,-0.2839124285545219,-0.3179095217159538,0.11098404808748404,-0.30705111782676325,-0.3231531336595334,-0.23653306718773692,-0.33351668516691435,-0.2762784042144294,-0.2676070383156169,-0.2568146823903447,-0.3423245273268668,-0.05039683568052709,0.1541739589011939,-0.38138626359856975,0.22783002961155027,-0.2215747586184633,-0.30150884351566143,0.11765136976784499,-0.26802666533012853,0.13700414502460087,-0.16299440147916358,0.24138234941564157,0.11315301199255111,-0.1701983488292175,0.17857701520207775,0.24726108132759,0.10273560542364107,0.10646013682300814,0.14942841227271905,-0.1488227602710248,0.22013337704426517,0.09423716539248715,0.2267440438410425,0.10533178622414426,0.2839479351996635,0.17186957270103828,0.173902058551533,-0.19102824083620898,0.20188090280111176,0.16433688500647084,0.13298208190732932,-0.023022591016628183,0.32138159364311675,-0.21294093090224372,0.16821432186607246,0.19702006037541855,-0.017099048076931665,0.28094975094693353,0.2853750631399478,1.0,0.9533878467448264,0.9962330071416986,0.9959734930946812,0.9962330071416986
CNV_LINC01867,-0.2880051001532799,0.1173509049190958,-0.03155642201461092,-0.2849795908416546,-0.1404378909566279,-0.27365580521355076,0.03380720455231837,-0.2862892399831747,-0.21939787540811276,-0.25507722147651424,-0.18742144673925162,-0.27286925283733793,-0.3014204887572283,0.11837786713371427,-0.3054119283380483,-0.3106356744212458,-0.22511492687888168,-0.330077484260253,-0.2673410868480582,-0.23985843686114464,-0.2473000544199505,-0.33236210979375497,-0.02778260133510299,0.13508083050927097,-0.3601202391911706,0.23905759116620523,-0.21560228569831427,-0.2926122350796345,0.09803816817587661,-0.2612784721250151,0.13265680734532032,-0.13847612570757867,0.2503687432604934,0.1062445559053029,-0.1536155778127128,0.16965459044673184,0.24146199115389314,0.09670310759137754,0.09358402964353281,0.14581530113462549,-0.13385270103114505,0.21609507012355147,0.0907208332722881,0.22170160849673942,0.09200343675219372,0.25815458129646524,0.16711383759738613,0.16899618057212668,-0.18202842879831949,0.1967669309185542,0.14707176256414484,0.1476133667619702,-0.017160874761119018,0.3124862054372901,-0.1909270063892685,0.16681007968747621,0.20482784909666493,0.004983844701186632,0.2630960458063793,0.2876635220206422,0.9533878467448264,1.0,0.953776889045042,0.9536426841998867,0.953776889045042
CNV_LINC02576,-0.3083173112209241,0.0983508116831604,-0.02795643549189946,-0.2895349517404593,-0.15271082361403862,-0.2714750173723405,0.04743106370185794,-0.2885056916551722,-0.23346897983841575,-0.2605310620728475,-0.18181793729683268,-0.2821675606716756,-0.3159950997461874,0.10620537569365893,-0.3007870778089285,-0.3211336755264724,-0.22845506888835915,-0.32668100359467056,-0.2736399065972214,-0.2633598042895203,-0.2545661256057789,-0.340368074905092,-0.04490776282665345,0.14926798207878192,-0.37920945400926065,0.220974437142621,-0.21566565063755955,-0.29735376407221936,0.11112897785476773,-0.26141376954398693,0.13303971810656043,-0.16560559111744322,0.23997303386853858,0.10787891832157055,-0.16573741985022297,0.1730414452937324,0.24482222950369734,0.09895446209385864,0.10058734249812583,0.14332624119215548,-0.14419436202183328,0.2159435026305629,0.08548860012924929,0.22202003474709342,0.1013370645001331,0.27724184398594587,0.16706035372913103,0.16977701767285847,-0.18911414006568728,0.19824202504582666,0.16139348146911822,0.12957588058930047,-0.021513392958199686,0.3177337412486845,-0.2074481776832432,0.16060697776561203,0.19363544097151222,-0.010839374150088073,0.27642469797858027,0.28390246914337075,0.9962330071416986,0.953776889045042,1.0,0.995800724105394,1.0
CNV_WDPCP,-0.3117092554755734,0.0904349417752461,-0.02679705128554876,-0.2921590899407244,-0.15542435222893214,-0.27152414248355927,0.05200608810727562,-0.2890247996977637,-0.23658790806985047,-0.2622665096753611,-0.18778443882307438,-0.28321574702449753,-0.3154451785566236,0.11435068662489066,-0.3046286517154452,-0.3197258179624029,-0.2359350367308441,-0.32792711198358454,-0.27537311265422026,-0.26760068527889497,-0.25603669045258576,-0.3403363021388925,-0.04886282599878174,0.15306992225328492,-0.3781980330400876,0.22651000318646547,-0.21643438435995863,-0.3003423631106757,0.11490351306196214,-0.2667042135622046,0.13537987765693557,-0.160834479550031,0.2392472601041858,0.11146070801575098,-0.16764005155659484,0.17834931605682475,0.24610976823021166,0.10301763439160158,0.10735287679073552,0.14823734351295587,-0.14756930480826247,0.22089269425973415,0.09190911123547474,0.22578608316329127,0.10436182872711004,0.28330828782472506,0.1713579174179396,0.17087068618352128,-0.1921038590981016,0.20074495434985654,0.1629181141809583,0.12662841130156235,-0.015261178815952257,0.319205911431275,-0.21231653365331998,0.16721259838932728,0.19681108799912597,-0.014484162724444433,0.2795199576337155,0.28550740622674237,0.9959734930946812,0.9536426841998867,0.995800724105394,1.0,0.995800724105394
CNV_CEP68,-0.3083173112209241,0.0983508116831604,-0.02795643549189946,-0.2895349517404593,-0.15271082361403862,-0.2714750173723405,0.04743106370185794,-0.2885056916551722,-0.23346897983841575,-0.2605310620728475,-0.18181793729683268,-0.2821675606716756,-0.3159950997461874,0.10620537569365893,-0.3007870778089285,-0.3211336755264724,-0.22845506888835915,-0.32668100359467056,-0.2736399065972214,-0.2633598042895203,-0.2545661256057789,-0.340368074905092,-0.04490776282665345,0.14926798207878192,-0.37920945400926065,0.220974437142621,-0.21566565063755955,-0.29735376407221936,0.11112897785476773,-0.26141376954398693,0.13303971810656043,-0.16560559111744322,0.23997303386853858,0.10787891832157055,-0.16573741985022297,0.1730414452937324,0.24482222950369734,0.09895446209385864,0.10058734249812583,0.14332624119215548,-0.14419436202183328,0.2159435026305629,0.08548860012924929,0.22202003474709342,0.1013370645001331,0.27724184398594587,0.16706035372913103,0.16977701767285847,-0.18911414006568728,0.19824202504582666,0.16139348146911822,0.12957588058930047,-0.021513392958199686,0.3177337412486845,-0.2074481776832432,0.16060697776561203,0.19363544097151222,-0.010839374150088073,0.27642469797858027,0.28390246914337075,0.9962330071416986,0.953776889045042,1.0,0.995800724105394,1.0
